{"cameraMode":{"drawMode":0,"name":"Shaded","section":"Shading Mode"},"sceneLighting":true,"audioPlay":false,"sceneViewState":{"m_AlwaysRefresh":false,"showFog":true,"showSkybox":true,"showFlares":true,"showImageEffects":true,"showParticleSystems":true,"showVisualEffectGraphs":true,"m_FxEnabled":true},"in2DMode":false,"pivot":{"x":2.443652629852295,"y":-1.5029652118682862,"z":-2.4894893169403078},"rotation":{"x":-0.08550423383712769,"y":-0.8901642560958862,"z":0.18722999095916749,"w":-0.40651682019233706},"size":3.5660250186920168,"orthographic":false}